id,first_name,last_name,username,email,gender,Street,city,zip_code,state,country,password,user_type,credit_card_type,credit_card,phone,_w_countrycode
1,Skye,Stockney,sstockney0,sstockney0@auda.org.au,Male,233 Lyons Road,Dante Delgado,96710,Veracruz Llave,Mexico,HHzSg6J8,false,,5108751928559788,182-506-8469,+63-570-126-3977
2,Nada,Alliker,nalliker1,nalliker1@marriott.com,Female,5 Eastlawn Point,Obrera,88680,Tamaulipas,Mexico,dqgThz7O,true,,5108751906516610,565-831-2845,+63-455-427-5282
3,Delmar,Stanbrooke,dstanbrooke2,dstanbrooke2@about.me,Male,21121 Elgar Alley,Lindavista,70633,Oaxaca,Mexico,mp8352ePojj,false,,,493-871-7526,+86-155-117-1917
4,Putnem,Deniso,pdeniso3,pdeniso3@cocolog-nifty.com,Male,5 Monterey Terrace,Corona,92883,California,United States,60MXXqM9eC,true,mastercard,5108751112967250,626-458-6507,+505-266-364-0126
5,Saxon,Matitiaho,smatitiaho4,smatitiaho4@state.gov,Male,3770 Packers Drive,Vista Hermosa,93608,Veracruz Llave,Mexico,0lY2rk8jX,false,,,701-986-6190,+86-367-252-0930
6,Elicia,Dikelin,edikelin5,edikelin5@imageshack.us,Female,4 Kennedy Park,Bakersfield,93305,California,United States,iiaMZ55OI,true,,,805-565-8113,+55-143-102-6671
7,Irena,Hastelow,ihastelow6,ihastelow6@cargocollective.com,Female,12623 Jay Avenue,Loma Bonita,62576,Morelos,Mexico,noZg9ic,true,,5048370131707705,610-812-0811,+63-117-670-8041
8,Siobhan,Elldred,selldred7,selldred7@amazon.com,Female,70506 Clarendon Road,San Miguel,36352,Guanajuato,Mexico,kxS3uYvq,true,mastercard,5048377935046867,822-213-8461,+86-119-153-2235
9,Eugenio,Huscroft,ehuscroft8,ehuscroft8@mysql.com,Male,51947 Riverside Drive,Emiliano Zapata,55690,Mexico,Mexico,vqVBV5,true,mastercard,5108754138551884,293-399-2076,+84-633-344-6314
10,Ivett,Atlay,iatlay9,iatlay9@dyndns.org,Female,014 Waubesa Trail,San Francisco,78490,San Luis Potosi,Mexico,Nvvy0O3m4AIt,true,mastercard,5048378238962677,999-297-7475,+33-718-219-7098
11,Shaylynn,Harral,sharrala,sharrala@jalbum.net,Female,4022 Ridge Oak Alley,San Isidro,29020,Chiapas,Mexico,gSipyZ,true,,5108759526074613,678-925-7474,+66-751-441-6870
12,Avivah,Petran,apetranb,apetranb@state.tx.us,Female,41186 Arapahoe Junction,San Diego,92132,California,United States,zsXxNua2bcLK,false,,5048371307395630,858-687-4670,+30-512-249-3207
13,Saw,Poleykett,spoleykettc,spoleykettc@ehow.com,Male,7187 Bartillon Trail,Los Angeles,90094,California,United States,2Dzr40YZHXT,true,mastercard,5048371633299035,323-778-0970,+46-299-210-8696
14,Lucias,Clayborn,lclaybornd,lclaybornd@ocn.ne.jp,Male,1068 Miller Avenue,Benito Juarez,96720,Veracruz Llave,Mexico,owARUiqST,true,mastercard,5108759187004701,128-253-1961,+30-222-560-9064
15,Maryrose,Fallowes,mfallowese,mfallowese@mediafire.com,Female,95954 Prairieview Hill,La Concepcion,52105,Mexico,Mexico,KxjQfYN,false,mastercard,5048370970322657,348-761-8478,+86-481-603-9826
16,Creigh,Keam,ckeamf,ckeamf@gravatar.com,Male,56 Ludington Hill,La Concepcion,92905,Veracruz Llave,Mexico,pWJRcd,true,mastercard,5048370675156129,498-862-6888,+594-669-326-8701
17,Ashly,Keays,akeaysg,akeaysg@squidoo.com,Female,4761 8th Alley,Mountain View,94042,California,United States,ygVmgfC,false,mastercard,5048376197377622,650-918-6869,+48-822-744-4285
18,Brianne,Olivetti,bolivettih,bolivettih@bing.com,Female,2 Burrows Drive,Lazaro Cardenas,92933,Veracruz Llave,Mexico,Yr8T9TeAiZe,false,,,798-412-5858,+48-388-921-9839
19,Kassi,Barnwill,kbarnwilli,kbarnwilli@narod.ru,Female,499 Bultman Parkway,Santa Cruz,95064,California,United States,n9o5ZPrqeo,true,mastercard,5108752463909461,831-746-1665,+86-398-355-5371
20,Lisabeth,Easson,leassonj,leassonj@yahoo.com,Female,7285 Nobel Court,San Cristobal,36800,Guanajuato,Mexico,8GDz53q,true,,,221-465-0304,+1-551-519-4010
21,Mahala,McElhinney,mmcelhinneyk,mmcelhinneyk@boston.com,Female,550 Hudson Place,Petaluma,94975,California,United States,XI8FbIv,false,mastercard,5048371670689965,707-277-2893,+86-820-699-1787
22,Karita,Haddeston,khaddestonl,khaddestonl@example.com,Female,1038 Katie Plaza,El Carmen,54927,Mexico,Mexico,8KXCorTqNVpe,false,,5048379421369654,859-719-7064,+57-539-608-9293
23,Violetta,Di Antonio,vdiantoniom,vdiantoniom@reverbnation.com,Female,2728 Ridgeview Center,Emiliano Zapata,92773,Veracruz Llave,Mexico,BAnorUFY,false,mastercard,5108752862616550,920-177-1165,+86-734-751-9256
24,Oralee,Skirrow,oskirrown,oskirrown@chronoengine.com,Male,84035 Maple Parkway,Santa Rosa,67803,Nuevo Leon,Mexico,trclje,true,,5048379595872186,307-232-2643,+60-857-185-4698
25,Ken,Pourveer,kpourveero,kpourveero@ustream.tv,Male,1 Bobwhite Street,Cuauhtemoc,87426,Tamaulipas,Mexico,7rWe1UMR7Ko,false,mastercard,5108750658408562,897-264-4102,+7-947-869-3620
26,Reinald,Harmant,rharmantp,rharmantp@hao123.com,Male,44603 Rutledge Park,Van Nuys,91406,California,United States,Cx2l6xoDwU,true,mastercard,5048377469513761,818-781-5508,+86-913-849-5219
27,Emmie,Stenyng,estenyngq,estenyngq@exblog.jp,Female,78 Bartillon Road,Emiliano Zapata,96818,Veracruz Llave,Mexico,EriuCc,false,mastercard,5108753144994641,437-879-0445,+33-649-207-6326
28,Ethelin,Valdes,evaldesr,evaldesr@slate.com,Female,8 Independence Lane,Emiliano Zapata,91560,Veracruz Llave,Mexico,kf2Jkn9G,false,mastercard,5108756749768468,127-837-7514,+63-359-457-8770
29,Davida,Ledwidge,dledwidges,dledwidges@netvibes.com,Female,1224 Dayton Drive,Benito Juarez,91716,Veracruz Llave,Mexico,uLOxVImqQ,false,mastercard,5108753167756729,648-583-2496,+92-344-398-6150
30,Davin,MacGee,dmacgeet,dmacgeet@eepurl.com,Male,4298 International Avenue,Morelos,93820,Veracruz Llave,Mexico,zMFHZfl,false,mastercard,5108753335133710,548-762-5461,+7-658-157-9522
31,Thekla,Spear,tspearu,tspearu@google.com,Female,61240 Grayhawk Court,Benito Juarez,86403,Tabasco,Mexico,3kKZomX0mIuC,false,,,700-563-7924,+33-366-197-9036
32,Harwell,Doyle,hdoylev,hdoylev@marriott.com,Male,30 Sherman Crossing,Lazaro Cardenas,29755,Chiapas,Mexico,zslsRyEzX,false,mastercard,5048377145508391,742-116-7172,+92-997-271-5774
33,Deerdre,Toplin,dtoplinw,dtoplinw@foxnews.com,Female,908 Tomscot Street,Corona,92878,California,United States,QEdKq7Fe,false,mastercard,5048379647691022,951-893-1247,+968-142-439-9167
34,Mayer,Litherborough,mlitherboroughx,mlitherboroughx@vkontakte.ru,Male,2814 Weeping Birch Terrace,Rancho Nuevo,91275,Veracruz Llave,Mexico,G2r9NCS5tT,true,mastercard,5048370378324529,657-238-7578,+63-106-461-7338
35,Gloriana,Planke,gplankey,gplankey@archive.org,Female,01 Esch Plaza,Sacramento,94207,California,United States,XaVToOi,false,,,916-672-1551,+7-686-768-7447
36,Loreen,Oxby,loxbyz,loxbyz@gmpg.org,Female,23 Northridge Road,Benito Juarez,62214,Morelos,Mexico,0Li7mK6PA,true,,,380-900-1059,+86-337-197-6814
37,Clement,Lantiffe,clantiffe10,clantiffe10@123-reg.co.uk,Male,614 Longview Point,Francisco I Madero,93995,Veracruz Llave,Mexico,lzP1J7SBJCH,false,mastercard,5108754506488602,583-715-0288,+967-286-383-8343
38,Sydney,Wyke,swyke11,swyke11@slideshare.net,Female,21243 Superior Way,Emiliano Zapata,71836,Oaxaca,Mexico,16jvJr7BBB,true,,,554-559-4520,+86-242-478-4681
39,Danette,Alywin,dalywin12,dalywin12@cam.ac.uk,Female,349 Dawn Point,Benito Juarez,66410,Nuevo Leon,Mexico,UF2JEGoFvk,true,mastercard,5048373770316226,102-757-1884,+351-897-571-0722
40,Gordy,Snellman,gsnellman13,gsnellman13@cargocollective.com,Male,130 Springs Drive,Las Flores,38823,Guanajuato,Mexico,daHM0mxj3,true,mastercard,5108752102287568,766-717-8237,+7-986-630-6250
41,Carlita,Tovey,ctovey14,ctovey14@nyu.edu,Female,894 Eastwood Street,Benito Juarez,57000,Mexico,Mexico,AAEFqmJN1KN9,true,,5108759227390698,192-333-2496,+351-985-340-8926
42,Quincy,Blaske,qblaske15,qblaske15@sciencedaily.com,Male,112 Merrick Junction,Los Angeles,90065,California,United States,v4M6j7SIS5,false,,5048376786183431,818-428-4165,+261-148-590-5211
43,Pavlov,Licari,plicari16,plicari16@yelp.com,Male,686 Karstens Way,Niños Heroes,68145,Oaxaca,Mexico,Mh3B95OIard,true,,5108755847045803,631-932-4479,+993-479-688-7528
44,Allin,Tuffell,atuffell17,atuffell17@miibeian.gov.cn,Male,9764 Lighthouse Bay Center,Francisco Sarabia,29783,Chiapas,Mexico,fPaFz569jreg,true,mastercard,5108753373096654,633-729-5864,+92-858-252-6982
45,Reece,Hagland,rhagland18,rhagland18@jigsy.com,Male,452 Warner Road,Adolfo Lopez Mateos,56528,Mexico,Mexico,xQn3sGy,true,mastercard,5108752345078089,504-124-1795,+62-710-994-5073
46,Rozina,Pretor,rpretor19,rpretor19@pbs.org,Female,062 Cambridge Pass,Benito Juarez,61570,Michoacan De Ocampo,Mexico,wKBQz7ccyT8,true,mastercard,5048373020731141,326-525-7077,+58-923-365-0975
47,Walliw,Von Hindenburg,wvonhindenburg1a,wvonhindenburg1a@nhs.uk,Female,0 Monument Place,Jardin,87330,Tamaulipas,Mexico,CA0qWmYEcf,true,,,934-193-5318,+7-905-486-2849
48,Annelise,Sunner,asunner1b,asunner1b@gov.uk,Female,3704 Monterey Alley,Guadalupe,38204,Guanajuato,Mexico,EE6B96f5,false,mastercard,5108757529501657,799-787-9392,+86-460-606-4607
49,Marybelle,Snel,msnel1c,msnel1c@upenn.edu,Female,526 Crescent Oaks Road,Hidalgo,31803,Chihuahua,Mexico,2c6idVBmG,true,,5048370073574980,406-832-2657,+55-798-839-0015
50,Julianna,Raitie,jraitie1d,jraitie1d@dagondesign.com,Female,9377 Judy Lane,Sacramento,94291,California,United States,akitfK2,false,mastercard,5048377208759428,916-116-9955,+98-706-472-9798
